los_days,los_band,encounters,readmits_30d,readmit_30d_pct,readmit_any_pct
1,01: 1-2 days,13822,1160,8.39,40.72
2,01: 1-2 days,16891,1704,10.09,45.07
3,02: 3-4 days,17432,1883,10.8,45.67
4,02: 3-4 days,13684,1641,11.99,48.98
5,03: 5-7 days,9749,1196,12.27,48.98
6,03: 5-7 days,7355,946,12.86,50.22
7,03: 5-7 days,5696,747,13.11,50.37
8,04: 8-14 days,4270,623,14.59,51.78
9,04: 8-14 days,2879,411,14.28,52.34
10,04: 8-14 days,2262,335,14.81,51.81
11,04: 8-14 days,1770,192,10.85,50.34
12,04: 8-14 days,1383,193,13.96,51.41
13,04: 8-14 days,1152,149,12.93,49.39
14,04: 8-14 days,995,134,13.47,51.46
