encounter_id,patient_nbr,race,gender,age,weight,admission_type_id,discharge_disposition_id,admission_source_id,time_in_hospital,payer_code,medical_specialty,num_lab_procedures,num_procedures,num_medications,number_outpatient,number_emergency,number_inpatient,diag_1,diag_2,diag_3,number_diagnoses,max_glu_serum,A1Cresult,metformin,repaglinide,nateglinide,chlorpropamide,glimepiride,acetohexamide,glipizide,glyburide,tolbutamide,pioglitazone,rosiglitazone,acarbose,miglitol,troglitazone,tolazamide,examide,citoglipton,insulin,glyburide-metformin,glipizide-metformin,glimepiride-pioglitazone,metformin-rosiglitazone,metformin-pioglitazone,change,diabetesMed,readmitted
11069136,4021776,Hispanic,Female,[50-60),?,6,1,7,6,?,?,65,2,8,0,0,0,574,250.02,?,2,>300,None,No,No,No,No,No,No,No,No,No,No,No,No,No,No,No,No,No,Steady,No,No,No,No,No,No,Yes,NO
18299760,5207247,Caucasian,Male,[70-80),?,1,1,7,10,?,InternalMedicine,72,2,24,0,0,3,518,492,250.43,7,None,None,No,No,No,No,No,No,No,No,No,No,No,No,No,No,No,No,No,Steady,No,No,No,No,No,No,Yes,<30
18884346,7504560,Other,Male,[40-50),?,3,1,1,4,?,Orthopedics-Reconstructive,44,2,15,0,0,0,722,250,?,2,None,None,No,No,No,No,No,No,No,No,No,No,No,No,No,No,No,No,No,No,No,No,No,No,No,No,No,NO
20302278,5207247,Caucasian,Male,[70-80),?,1,1,7,4,?,InternalMedicine,55,0,10,0,0,4,491,250.03,401,6,None,None,No,No,No,No,No,No,No,No,No,No,No,No,No,No,No,No,No,Steady,No,No,No,No,No,No,Yes,<30
21873612,8673813,Caucasian,Male,[70-80),?,2,8,2,8,?,?,56,6,24,0,0,0,428,518,411,8,None,None,Steady,No,No,No,No,No,No,Steady,No,No,No,No,No,No,No,No,No,No,No,No,No,No,No,Ch,Yes,>30
25609158,11846358,Asian,Male,[60-70),?,2,1,1,9,?,?,65,1,24,0,0,0,403,250,285,3,None,None,No,No,No,No,No,No,No,No,No,No,No,No,No,No,No,No,No,No,No,No,No,No,No,No,No,>30
28627446,7882524,AfricanAmerican,Male,[60-70),?,3,6,3,3,?,Urology,30,1,22,0,0,0,185,601,250,6,None,None,Down,No,No,No,No,No,No,Steady,No,No,No,No,No,No,No,No,No,No,No,No,No,No,No,Ch,Yes,NO
29116674,17848692,Caucasian,Male,[80-90),?,1,1,7,12,?,?,48,0,17,0,0,0,250.7,440,?,5,None,Norm,No,No,No,No,No,No,No,Steady,No,No,No,No,No,No,No,No,No,No,No,No,No,No,No,No,Yes,>30
37106016,234981,Caucasian,Female,[70-80),?,2,1,1,2,?,InternalMedicine,45,5,7,0,0,0,414,413,250,8,None,None,No,No,No,No,No,No,No,No,No,No,No,No,No,No,No,No,No,No,No,No,No,No,No,No,No,NO
37852296,3986748,Caucasian,Female,[50-60),?,2,1,1,3,?,Family/GeneralPractice,51,0,12,0,0,0,786,250.02,786,9,None,>8,No,No,No,No,No,No,No,No,No,No,No,No,No,No,No,No,No,Steady,No,No,No,No,No,No,Yes,NO
39742872,144603,AfricanAmerican,Female,[60-70),?,2,18,2,2,?,?,38,0,12,0,0,0,786,135,250,6,None,None,No,No,No,No,No,No,No,No,No,No,No,No,No,No,No,No,No,No,No,No,No,No,No,No,No,NO
48101208,103455648,Caucasian,Female,[60-70),?,6,6,17,5,?,Orthopedics-Reconstructive,33,2,20,0,0,0,715,285,401,5,None,None,No,No,No,No,No,No,No,No,No,No,No,No,No,No,No,No,No,No,No,No,No,No,No,No,No,NO
53461986,114145839,AfricanAmerican,Male,[50-60),?,1,1,7,1,?,?,42,0,6,0,0,0,458,250,?,2,None,Norm,Steady,No,No,No,No,No,No,Steady,No,No,No,No,No,No,No,No,No,Steady,No,No,No,No,No,Ch,Yes,NO
55833498,110735343,Caucasian,Male,[60-70),[75-100),6,1,17,7,?,Cardiology,74,1,23,1,0,1,428,496,424,7,None,None,No,No,No,No,Steady,No,No,No,No,No,No,No,No,No,No,No,No,No,No,No,No,No,No,No,Yes,>30
56360040,63419904,Caucasian,Female,[70-80),?,1,6,7,13,?,?,81,6,42,0,0,2,574,156,576,9,None,None,No,No,No,No,Steady,No,No,No,No,No,No,No,No,No,No,No,No,Steady,No,No,No,No,No,Ch,Yes,NO
56666844,7609581,Caucasian,Female,[30-40),?,6,1,17,8,?,Surgery-General,56,0,20,0,0,0,682,250.82,682,5,None,>8,Steady,No,No,No,No,No,Steady,No,No,No,No,No,No,No,No,No,No,No,No,No,No,No,No,Ch,Yes,NO
61173546,99301626,Caucasian,Male,[90-100),?,1,3,7,9,?,?,76,0,19,0,0,0,112,276,250.5,8,None,None,No,No,No,No,No,No,No,Steady,No,No,No,No,No,No,No,No,No,Down,No,No,No,No,No,Ch,Yes,NO
63955512,20019024,Caucasian,Male,[70-80),?,3,18,1,3,?,Orthopedics,24,1,20,0,0,1,996,250,274,4,None,None,No,No,No,No,No,No,No,No,No,No,Steady,No,No,No,No,No,No,No,No,No,No,No,No,No,Yes,NO
66298002,1379115,Caucasian,Female,[70-80),?,3,18,1,4,?,Orthopedics,20,1,28,0,0,0,715,244,250,7,None,None,No,No,No,No,No,No,No,No,No,No,No,No,No,No,No,No,No,No,No,No,No,No,No,No,No,NO
67715934,20044548,Caucasian,Female,[50-60),?,1,1,7,2,?,Surgery-General,50,0,5,0,0,0,562,401,250,3,None,None,No,No,No,No,No,No,No,No,No,No,No,No,No,No,No,No,No,No,No,No,No,No,No,No,No,NO
68346126,25320996,Caucasian,Male,[80-90),?,1,3,17,4,?,Hematology/Oncology,22,0,12,0,0,0,723,427,428,9,>200,None,No,No,No,No,No,No,No,Up,No,No,No,No,No,No,No,No,No,Steady,No,No,No,No,No,Ch,Yes,NO
68760726,4893768,AfricanAmerican,Female,[30-40),?,1,1,7,3,?,Family/GeneralPractice,45,1,19,0,0,1,682,250.02,41,5,None,None,Steady,No,No,No,No,No,Steady,No,No,No,Steady,No,No,No,No,No,No,Steady,No,No,No,No,No,Ch,Yes,NO
69328728,1827585,AfricanAmerican,Female,[80-90),?,1,6,7,4,?,?,58,0,14,0,0,0,458,414,401,5,None,Norm,No,No,No,No,No,No,No,No,No,No,No,No,No,No,No,No,No,No,No,No,No,No,No,No,No,>30
69759912,78129,Caucasian,Female,[60-70),?,3,1,1,3,?,InternalMedicine,34,2,15,0,0,0,998,433,414,9,None,None,No,No,No,No,No,No,No,No,No,No,No,No,No,No,No,No,No,Steady,No,No,No,No,No,No,Yes,NO
71314662,55395837,Caucasian,Male,[50-60),?,3,1,1,1,?,Cardiology,8,5,17,0,0,0,414,411,412,7,None,None,No,No,No,No,Steady,No,No,No,No,No,No,No,No,No,No,No,No,Steady,No,No,No,No,No,Ch,Yes,>30
76754214,20889945,Asian,Male,[50-60),?,3,1,1,4,?,Surgery-Cardiovascular/Thoracic,50,4,18,0,0,0,997,511,560,8,None,None,No,No,Steady,No,No,No,No,No,No,No,No,No,No,No,No,No,No,Steady,No,No,No,No,No,Ch,Yes,NO
77181252,3859335,Caucasian,Male,[50-60),?,3,1,1,5,?,Surgery-Cardiovascular/Thoracic,47,5,32,0,0,0,414,861,250,6,None,Norm,No,No,No,No,No,No,No,No,No,No,No,No,No,No,No,No,No,Up,No,No,No,No,No,Ch,Yes,NO
80299044,24041340,Caucasian,Female,[80-90),?,6,25,17,1,?,Family/GeneralPractice,23,0,3,0,1,0,434,438,250,4,Norm,None,No,No,No,No,No,No,No,No,No,No,No,No,No,No,No,No,No,No,No,No,No,No,No,No,No,NO
82139868,5049054,Caucasian,Male,[60-70),?,1,1,7,2,?,?,64,0,14,0,0,1,428,427,496,7,None,None,No,No,No,No,No,No,No,Steady,No,No,No,No,No,No,No,No,No,Steady,No,No,No,No,No,Ch,Yes,NO
82338876,56282004,Caucasian,Female,[80-90),[50-75),2,1,1,5,?,Cardiology,69,2,11,6,0,0,996,428,E878,6,None,None,No,No,No,No,No,No,No,No,No,No,No,No,No,No,No,No,No,No,No,No,No,No,No,No,No,NO
82977360,9482238,Caucasian,Female,[80-90),?,1,3,7,12,?,?,37,0,13,0,0,0,482,518,786,6,None,None,No,No,No,No,No,No,No,No,No,No,No,No,No,No,No,No,No,No,No,No,No,No,No,No,No,NO
83230266,73229094,Caucasian,Female,[50-60),[25-50),1,1,7,4,?,?,83,0,13,0,1,0,790,284,305,9,None,None,No,No,No,No,No,No,No,Steady,No,No,No,No,No,No,No,No,No,No,No,No,No,No,No,No,Yes,>30
85659822,21422862,Caucasian,Male,[80-90),?,1,3,7,10,?,Family/GeneralPractice,68,4,41,0,0,0,410,428,427,7,None,None,No,No,No,No,Steady,No,No,No,No,No,No,No,No,No,No,No,No,No,No,No,No,No,No,No,Yes,NO
86298306,111096729,Caucasian,Female,[60-70),[50-75),1,6,7,7,?,?,46,0,10,0,0,0,198,250,414,7,None,None,Steady,No,No,No,No,No,No,No,No,No,No,No,No,No,No,No,No,No,No,No,No,No,No,No,Yes,NO
87637464,23864598,Caucasian,Male,[50-60),?,5,6,17,5,CH,?,12,0,14,0,1,0,459,682,782,7,Norm,None,Steady,No,No,No,No,No,No,Steady,No,No,No,No,No,No,No,No,No,No,No,No,No,No,No,Ch,Yes,NO
88802490,25409961,Caucasian,Male,[60-70),?,1,1,17,2,MC,?,16,0,13,0,0,0,250.8,707,425,9,Norm,None,No,No,No,No,No,No,No,No,No,No,No,No,No,No,No,No,No,Up,No,No,No,No,No,Ch,Yes,>30
91095228,44073234,Caucasian,Female,[70-80),?,2,6,1,8,MC,?,49,1,27,0,0,2,440,403,250.4,9,None,None,No,No,No,No,No,No,Steady,No,No,Steady,No,No,No,No,No,No,No,Steady,No,No,No,No,No,Ch,Yes,>30
92608518,602028,Caucasian,Female,[70-80),?,1,1,6,2,UN,InternalMedicine,48,0,8,0,0,3,599,276,458,5,None,None,No,No,No,No,No,No,No,No,No,No,No,No,No,No,No,No,No,Steady,No,No,No,No,No,No,Yes,>30
99702324,28024614,Caucasian,Male,[80-90),?,5,14,17,8,MC,?,17,0,12,0,0,1,38,785,482,9,Norm,None,No,No,No,No,No,No,No,No,No,No,No,No,No,No,No,No,No,Down,No,No,No,No,No,Ch,Yes,NO
99843288,2254923,Caucasian,Female,[60-70),?,3,1,1,1,?,?,27,6,9,0,0,0,414,413,414,5,None,None,No,No,No,No,No,No,No,No,No,No,No,No,No,No,No,No,No,Steady,No,No,No,No,No,No,Yes,>30
101269512,12592350,AfricanAmerican,Female,[70-80),?,1,1,6,5,MC,Family/GeneralPractice,52,0,17,0,0,0,428,496,250.01,5,None,None,No,No,No,No,No,No,No,No,No,No,No,No,No,No,No,No,No,No,No,No,No,No,No,No,No,NO
102318450,23714388,AfricanAmerican,Female,[80-90),?,5,3,17,13,MC,Family/GeneralPractice,19,1,17,0,0,0,433,599,787,7,>200,None,No,No,No,No,No,No,No,No,No,No,No,No,No,No,No,No,No,Steady,No,No,No,No,No,No,Yes,>30
106369092,17791938,Caucasian,Female,[60-70),?,2,1,1,1,UN,InternalMedicine,41,1,4,0,0,0,575,250,401,4,None,None,No,No,No,No,No,No,No,No,No,No,No,No,No,No,No,No,No,No,No,No,No,No,No,No,No,<30
107322672,73188891,Caucasian,Female,[60-70),?,3,6,4,9,?,Surgery-Thoracic,73,4,35,0,0,0,410,428,250.6,9,None,None,No,No,No,No,No,No,Steady,No,No,No,No,No,No,No,No,No,No,Up,No,No,No,No,No,Ch,Yes,NO
107384862,21465657,?,Female,[50-60),?,1,3,7,5,?,Orthopedics-Reconstructive,34,2,12,0,0,0,824,599,285,6,None,None,No,No,No,No,No,No,No,Steady,No,No,No,No,No,No,No,No,No,No,No,No,No,No,No,No,Yes,<30
108056514,68637672,?,Male,[60-70),?,3,1,1,2,?,Surgery-General,30,2,7,1,0,8,997,785,403,7,None,None,No,No,No,No,No,No,No,No,No,No,No,No,No,No,No,No,No,No,No,No,No,No,No,No,No,>30
108243084,41603355,Caucasian,Female,[60-70),?,6,1,17,4,?,ObstetricsandGynecology,62,3,32,0,0,0,218,616,625,9,None,None,No,No,No,No,No,No,No,No,No,Steady,No,No,No,No,No,No,No,No,No,No,No,No,No,No,Yes,NO
109665162,24805665,Caucasian,Male,[80-90),?,5,6,17,1,MC,Urology,7,1,10,0,1,0,188,682,428,8,None,None,No,No,No,No,No,No,No,No,No,No,No,No,No,No,No,No,No,No,No,No,No,No,No,No,No,NO
110071470,6139287,Caucasian,Male,[60-70),?,1,1,7,2,?,InternalMedicine,68,0,11,4,0,0,428,414,250,4,None,None,Steady,No,No,No,No,No,Steady,No,No,No,No,No,No,No,No,No,No,Steady,No,No,No,No,No,Ch,Yes,<30
110096346,1869606,Caucasian,Male,[70-80),?,1,3,6,4,MC,?,35,0,3,0,0,0,276,401,250,5,None,Norm,No,No,No,No,No,No,No,No,No,No,No,No,No,No,No,No,No,No,No,No,No,No,No,No,No,<30
110568990,23344416,Caucasian,Male,[60-70),?,1,1,7,2,MC,Cardiology,47,5,21,0,0,0,996,411,V45,7,None,None,Steady,No,No,No,Steady,No,No,No,No,No,Steady,No,No,No,No,No,No,No,No,No,No,No,No,Ch,Yes,>30
111020904,103505661,Caucasian,Male,[70-80),?,1,3,7,4,CM,Family/GeneralPractice,59,0,11,0,0,0,414,411,428,9,None,None,No,No,No,No,No,No,Steady,No,No,No,No,No,No,No,No,No,No,No,No,No,No,No,No,No,Yes,NO
112538340,217233,?,Male,[60-70),?,2,1,9,2,MC,InternalMedicine,48,0,9,0,0,0,427,428,496,5,None,>7,Steady,No,No,No,No,No,No,No,No,No,No,No,No,No,No,No,No,No,No,No,No,No,No,No,Yes,NO
116717508,23940567,AfricanAmerican,Female,[80-90),?,1,1,7,1,MC,InternalMedicine,42,0,5,0,0,0,458,427,250,5,None,None,No,No,No,No,No,No,No,No,No,Steady,No,No,No,No,No,No,No,No,No,No,No,No,No,No,Yes,>30
117459642,23228883,AfricanAmerican,Female,[40-50),?,1,3,5,7,MC,InternalMedicine,46,0,23,0,0,2,428,425,710,9,None,None,No,No,No,No,No,No,No,No,No,No,No,No,No,No,No,No,No,Up,No,No,No,No,No,Ch,Yes,>30
118181046,98597322,Caucasian,Female,[70-80),?,6,6,17,12,?,Family/GeneralPractice,62,6,26,0,1,6,428,284,250,9,None,None,No,No,No,No,No,No,No,No,No,No,No,No,No,No,No,No,No,No,No,No,No,No,No,No,No,>30
119321196,23942205,Caucasian,Male,[50-60),?,1,1,7,4,CP,InternalMedicine,45,0,7,0,1,1,434,289,V58,5,None,None,No,No,No,No,No,No,No,No,No,Steady,No,No,No,No,No,No,No,No,No,No,No,No,No,No,Yes,NO
120063330,101015640,Caucasian,Female,[30-40),?,1,1,7,6,MD,?,60,0,11,0,0,0,296,317,343,7,None,None,No,No,No,No,No,No,No,No,No,No,No,No,No,No,No,No,No,Down,No,No,No,No,No,Ch,Yes,>30
120473784,92771865,Caucasian,Female,[80-90),?,1,22,7,6,MC,Emergency/Trauma,1,3,16,0,0,0,8,728,276,9,None,None,Steady,No,No,No,Steady,No,No,No,No,No,No,No,No,No,No,No,No,No,No,No,No,No,No,Ch,Yes,>30
121862694,42471540,Caucasian,Male,[50-60),?,6,1,17,3,?,Pulmonology,56,4,22,0,0,0,486,428,425,9,None,>8,No,No,No,No,No,No,No,No,No,No,No,No,No,No,No,No,No,Steady,No,No,No,No,No,No,Yes,>30
122239980,34008795,Caucasian,Male,[80-90),?,2,3,7,4,SP,Emergency/Trauma,30,0,17,0,0,2,560,427,293,8,None,None,No,No,No,No,No,No,No,No,No,No,No,No,No,No,No,No,No,No,No,No,No,No,No,No,No,NO
122405820,24965487,AfricanAmerican,Female,[90-100),?,3,3,1,7,MC,Surgery-Neuro,36,0,6,0,0,0,432,428,401,5,None,None,No,No,No,No,No,No,No,No,No,No,No,No,No,No,No,No,No,No,No,No,No,No,No,No,No,NO
125332896,99750060,Caucasian,Male,[80-90),?,1,3,7,10,MC,InternalMedicine,64,0,16,3,0,0,486,425,427,9,None,None,No,No,No,No,No,No,No,No,No,No,No,No,No,No,No,No,No,Steady,No,No,No,No,No,No,Yes,>30
125660430,89096679,Caucasian,Male,[80-90),?,3,3,2,6,MC,Urology,1,1,11,0,0,0,600,997,496,9,None,None,Steady,No,No,No,No,No,No,Steady,No,No,No,No,No,No,No,No,No,No,No,No,No,No,No,Ch,Yes,>30
126041862,25007112,Caucasian,Male,[80-90),?,3,1,1,8,MC,Cardiology,48,0,22,0,0,0,424,424,428,9,None,None,No,No,No,No,No,No,Steady,No,No,No,No,No,No,No,No,No,No,Steady,No,No,No,No,No,Ch,Yes,>30
130100796,42140610,Caucasian,Male,[70-80),?,1,3,7,9,?,?,30,0,12,0,0,0,486,425,518,7,None,None,No,No,No,No,No,No,Steady,No,No,Steady,No,No,No,No,No,No,No,No,No,No,No,No,No,Ch,Yes,NO
140353854,103637223,Caucasian,Female,[50-60),?,2,2,7,4,HM,InternalMedicine,63,0,13,0,0,2,427,458,401,9,None,None,No,No,No,No,No,No,No,No,No,No,No,No,No,No,No,No,No,No,No,No,No,No,No,No,No,<30
140420190,97723566,Caucasian,Female,[60-70),?,1,1,7,5,?,?,9,0,32,0,0,0,560,491,428,9,None,None,No,No,No,No,No,No,Steady,No,No,No,No,No,No,No,No,No,No,Up,No,No,No,No,No,Ch,Yes,>30
147986640,92269341,Caucasian,Female,[80-90),?,1,11,7,12,OG,?,36,1,8,0,0,0,197,162,427,7,None,None,No,No,No,No,No,No,No,No,No,No,No,No,No,No,No,No,No,No,No,No,No,No,No,No,No,NO
148558788,54690120,Caucasian,Female,[70-80),?,1,13,7,11,?,?,46,1,29,0,0,1,162,415,518,9,None,None,No,Steady,No,No,No,No,No,No,No,No,No,No,No,No,No,No,No,No,No,No,No,No,No,No,Yes,NO
149586996,24137073,AfricanAmerican,Male,[30-40),?,1,1,7,2,BC,Family/GeneralPractice,47,0,7,0,0,0,786,401,250,5,None,Norm,No,No,No,No,Steady,No,No,No,No,No,No,No,No,No,No,No,No,No,No,No,No,No,No,No,Yes,NO
151659996,88575849,Caucasian,Male,[80-90),?,1,1,7,1,?,Family/GeneralPractice,50,0,11,0,0,0,789,276,276,9,None,None,No,No,No,No,No,No,No,No,No,No,No,No,No,No,No,No,No,Steady,No,No,No,No,No,No,Yes,>30
152053866,89583030,Caucasian,Male,[70-80),?,2,3,1,7,MC,Emergency/Trauma,73,0,34,0,0,1,486,491,428,9,None,None,No,No,No,No,Steady,No,No,No,No,No,No,No,No,No,No,No,No,Up,No,No,No,No,No,Ch,Yes,>30
152754540,23517369,Caucasian,Male,[70-80),?,3,1,1,1,MC,Cardiology,28,4,17,0,0,1,414,250,402,5,None,None,No,No,No,No,No,No,Steady,No,No,No,No,No,No,No,No,No,No,Up,No,No,No,No,No,Ch,Yes,NO
152899650,30413628,Caucasian,Male,[50-60),?,5,1,7,6,HM,?,52,2,13,0,3,0,682,250.02,780,9,None,None,No,No,No,No,No,No,No,No,No,No,No,No,No,No,No,No,No,Up,No,No,No,No,No,Ch,Yes,NO
156067194,25045290,AfricanAmerican,Female,[50-60),?,1,11,7,2,BC,Oncology,34,1,12,0,0,0,157,287,276,6,None,None,No,No,No,No,No,No,No,No,No,No,No,No,No,No,No,No,No,Steady,No,No,No,No,No,No,Yes,NO
156266202,85677246,Caucasian,Male,[80-90),?,1,6,7,8,MC,?,61,1,27,0,2,0,996,403,428,9,None,None,No,No,No,No,No,No,No,No,No,No,No,No,No,No,No,No,No,Steady,No,No,No,No,No,No,Yes,NO
157145154,100143639,Caucasian,Female,[70-80),?,2,3,7,9,MC,Family/GeneralPractice,59,3,23,0,0,4,599,403,585,9,None,None,No,No,No,No,No,No,Steady,No,No,No,No,No,No,No,No,No,No,Up,No,No,No,No,No,Ch,Yes,>30
160333428,58735485,AfricanAmerican,Male,[40-50),?,1,5,7,3,MD,?,68,0,14,0,0,1,250.1,305,305,9,None,None,No,No,No,No,No,No,No,No,No,No,No,No,No,No,No,No,No,Down,No,No,No,No,No,Ch,Yes,NO
162518370,65087892,Caucasian,Female,[70-80),?,3,22,7,10,?,InternalMedicine,52,1,28,0,0,0,198,162,492,9,None,Norm,No,No,No,No,No,No,Steady,No,No,No,No,No,No,No,No,No,No,No,No,No,No,No,No,No,Yes,<30
163306110,38449134,Caucasian,Female,[70-80),?,5,3,1,5,MC,?,58,0,14,2,0,0,599,276,496,9,None,None,No,No,No,No,No,No,No,No,No,No,No,No,No,No,No,No,No,Up,No,No,No,No,No,Ch,Yes,<30
164943780,28935648,AfricanAmerican,Male,[20-30),?,1,1,7,4,?,?,63,0,9,0,0,0,250.11,276,112,6,None,None,No,No,No,No,No,No,No,No,No,No,No,No,No,No,No,No,No,Steady,No,No,No,No,No,No,Yes,NO
164989386,76100868,AfricanAmerican,Female,[50-60),?,2,1,7,4,?,Family/GeneralPractice,2,0,3,0,0,0,577,786,714,9,None,None,No,No,No,No,No,No,No,No,No,No,No,No,No,No,No,No,No,No,No,No,No,No,No,No,No,NO
166233186,24633099,AfricanAmerican,Female,[60-70),?,1,6,7,10,MC,Surgery-Cardiovascular/Thoracic,60,6,68,0,0,0,410,250.02,285,8,None,None,No,No,No,No,No,No,No,No,No,No,No,No,No,No,No,No,No,Down,No,No,No,No,No,Ch,Yes,NO
166855086,97391007,Caucasian,Female,[40-50),?,1,4,7,6,HM,?,65,2,17,0,0,4,250.11,276,574,9,>300,None,No,No,No,No,No,No,No,No,No,No,No,No,No,No,No,No,No,No,No,No,No,No,No,No,No,<30
167601366,40357971,Caucasian,Male,[70-80),?,1,6,7,2,MC,?,37,0,12,0,0,1,507,438,250,4,None,None,Steady,No,No,No,No,No,No,Steady,No,No,Steady,No,No,No,No,No,No,No,No,No,No,No,No,Ch,Yes,>30
169483650,102328992,Caucasian,Female,[80-90),?,3,1,7,10,SP,Emergency/Trauma,75,6,28,0,0,0,410,486,428,9,None,None,No,No,No,No,No,No,Steady,No,No,No,No,No,No,No,No,No,No,Up,No,No,No,No,No,Ch,Yes,<30
169778016,80169489,Caucasian,Female,[30-40),?,1,1,7,4,HM,?,53,3,33,0,0,0,428,425,428,9,None,>7,No,No,No,No,No,No,No,No,No,No,No,No,No,No,No,No,No,Steady,No,No,No,No,No,No,Yes,>30
169931418,102894165,Caucasian,Female,[70-80),?,1,1,7,7,?,?,71,6,25,0,1,1,427,428,196,9,None,None,No,No,No,No,No,No,No,Steady,No,No,Steady,No,No,No,No,No,No,Steady,No,No,No,No,No,Ch,Yes,>30
172817034,93226005,Caucasian,Female,[70-80),?,5,3,1,5,MC,?,47,2,23,8,0,0,531,428,427,9,None,None,Steady,No,No,No,No,No,No,No,No,No,No,No,No,No,No,No,No,Down,No,No,No,No,No,Ch,Yes,>30
173998644,61400889,AfricanAmerican,Female,[40-50),?,3,1,1,6,?,Surgery-Vascular,36,2,16,3,1,0,996,444,403,9,None,None,No,No,No,No,No,No,No,No,No,No,No,No,No,No,No,No,No,Steady,No,No,No,No,No,No,Yes,NO
176610624,2259189,Caucasian,Male,[60-70),?,2,1,7,3,?,?,38,1,19,2,1,0,486,428,425,9,None,None,No,No,No,No,No,No,No,No,No,No,No,No,No,No,No,No,No,Steady,No,No,No,No,No,No,Yes,NO
180897588,24822252,Caucasian,Male,[60-70),?,3,1,1,4,HM,Cardiology,33,6,17,0,0,0,414,414,250,7,None,None,No,No,No,No,No,No,No,No,No,No,No,No,No,No,No,No,No,Steady,No,No,No,No,No,No,Yes,NO
183770766,23828661,AfricanAmerican,Female,[30-40),?,1,1,7,3,MD,InternalMedicine,36,0,25,0,2,2,962,428,250.8,9,None,None,No,No,No,No,No,No,No,No,No,No,No,No,No,No,No,No,No,Steady,No,No,No,No,No,No,Yes,NO
184185366,24131367,Caucasian,Female,[50-60),?,3,1,1,2,MC,Surgery-Vascular,29,3,21,0,1,1,447,428,403,8,None,None,No,No,No,No,No,No,No,No,No,No,No,No,No,No,No,No,No,Down,No,No,No,No,No,Ch,Yes,NO
185313078,23281101,Caucasian,Male,[40-50),?,3,1,1,5,?,Family/GeneralPractice,35,0,8,0,0,1,682,428,276,5,None,None,No,No,No,No,No,No,No,No,No,No,No,No,No,No,No,No,No,Down,No,No,No,No,No,Ch,Yes,NO
187489728,112667427,Asian,Female,[80-90),?,3,1,1,6,MD,Family/GeneralPractice,63,0,17,0,0,0,584,403,250.01,9,None,None,No,No,No,No,No,No,No,No,No,No,No,No,No,No,No,No,No,Down,No,No,No,No,No,Ch,Yes,<30
189583458,90246177,Caucasian,Female,[70-80),?,3,1,1,2,MC,Pulmonology,45,0,12,1,0,0,459,401,250,9,None,None,No,No,No,No,Steady,No,No,No,No,No,No,No,No,No,No,No,No,No,No,No,No,No,No,No,Yes,NO
190930908,92184075,Caucasian,Female,[70-80),?,2,1,7,5,CM,Emergency/Trauma,39,4,22,0,0,1,996,682,250.6,8,None,None,Steady,No,No,No,No,No,No,No,No,Down,No,No,No,No,No,No,No,Down,No,No,No,No,No,Ch,Yes,>30
192207876,40902264,Caucasian,Male,[70-80),?,3,3,1,5,MC,Radiologist,47,0,23,0,0,0,428,496,403,9,None,None,No,No,No,No,No,No,No,No,No,No,No,No,No,No,No,No,No,No,No,No,No,No,No,No,No,NO
193621662,38543625,Caucasian,Female,[60-70),?,1,1,7,2,HM,?,51,0,14,0,0,0,599,707,428,7,None,None,Steady,No,No,No,No,No,No,Steady,No,No,No,No,No,No,No,No,No,Up,No,No,No,No,No,Ch,Yes,>30
201640026,66257352,Caucasian,Male,[60-70),?,1,1,7,3,BC,?,36,6,27,0,0,0,410,998,277,9,None,Norm,No,No,No,No,No,No,No,No,No,No,No,No,No,No,No,No,No,Steady,No,No,No,No,No,No,Yes,NO
202601898,85047444,Caucasian,Female,[80-90),?,3,6,1,8,MC,?,67,6,34,0,0,0,394,427,397,9,None,None,No,No,No,No,No,No,Steady,No,No,No,No,No,No,No,No,No,No,Up,No,No,No,No,No,Ch,Yes,NO
202817490,90035649,Caucasian,Male,[70-80),?,2,1,7,5,MC,Emergency/Trauma,55,0,8,0,0,0,577,496,V45,9,None,Norm,No,No,No,No,No,No,No,No,No,No,No,No,No,No,No,No,No,No,No,No,No,No,No,No,No,>30
204994140,85691727,Caucasian,Male,[70-80),?,3,1,1,1,?,?,29,3,16,0,0,0,433,496,401,8,None,None,Steady,No,No,No,No,No,No,Steady,No,Steady,No,No,No,No,No,No,No,Steady,No,No,No,No,No,Ch,Yes,>30
207527346,98788392,Caucasian,Female,[80-90),?,3,1,1,1,MC,Cardiology,29,6,9,1,1,1,414,493,786,7,None,None,No,Steady,No,No,No,No,No,No,No,No,No,No,No,No,No,No,No,No,No,No,No,No,No,No,Yes,>30
211018278,66221928,Caucasian,Male,[50-60),?,2,3,1,4,HM,?,49,1,22,0,0,1,715,560,285,9,None,None,Steady,No,No,No,No,No,No,No,No,No,Steady,No,No,No,No,No,No,Down,No,No,No,No,No,Ch,Yes,NO
216229800,104971878,AfricanAmerican,Male,[50-60),?,1,1,7,2,MC,?,63,0,14,1,0,0,428,496,305,9,None,None,No,No,No,No,No,No,No,No,No,No,No,No,No,No,No,No,No,No,No,No,No,No,No,No,No,>30
221934696,92709351,Caucasian,Female,[40-50),?,2,1,7,6,SP,Family/GeneralPractice,39,3,34,1,0,6,491,403,585,9,None,None,No,No,No,No,No,No,No,No,No,No,No,No,No,No,No,No,No,Down,No,No,No,No,No,Ch,Yes,>30
230259864,44412210,Caucasian,Male,[60-70),?,3,1,1,1,SP,Cardiology,32,6,4,0,0,0,414,?,250,3,None,None,No,No,No,No,No,No,No,No,No,No,No,No,No,No,No,No,No,No,No,No,No,No,No,No,No,>30
230280594,51011154,Caucasian,Female,[60-70),?,1,2,7,9,MC,Emergency/Trauma,61,6,22,0,0,0,578,571,287,9,None,>7,No,No,No,No,No,No,No,No,No,No,No,No,No,No,No,No,No,Steady,No,No,No,No,No,No,Yes,NO
230454726,62331138,Caucasian,Female,[60-70),?,1,1,7,3,HM,?,3,6,11,0,0,0,410,599,458,9,None,None,No,No,No,No,No,No,No,No,No,No,No,No,No,No,No,No,No,No,No,No,No,No,No,No,No,NO
232875990,32740785,AfricanAmerican,Female,[40-50),?,1,1,7,1,CP,?,50,0,11,0,0,1,577,272,250,6,None,None,No,No,No,No,No,No,No,Steady,No,No,No,No,No,No,No,No,No,Steady,No,No,No,No,No,Ch,Yes,NO
233439846,89159958,Caucasian,Male,[40-50),?,1,1,7,3,CP,?,81,0,14,0,0,2,250.1,584,305,7,Norm,None,No,No,No,No,No,No,No,No,No,No,No,No,No,No,No,No,No,No,No,No,No,No,No,No,No,>30
233842008,69932988,Caucasian,Female,[60-70),?,2,6,1,2,MC,Orthopedics,11,1,17,0,0,0,724,996,599,9,None,None,No,No,No,No,No,No,No,No,No,No,No,No,No,No,No,No,No,No,No,No,No,No,No,No,No,NO
239878584,53887446,AfricanAmerican,Female,[90-100),?,1,3,7,8,MC,?,54,0,9,0,0,0,584,276,428,9,None,None,No,No,No,No,No,No,No,No,No,No,No,No,No,No,No,No,No,Steady,No,No,No,No,No,No,Yes,NO
240886062,97818804,Caucasian,Female,[80-90),?,1,3,7,2,MC,?,47,0,9,2,0,0,599,427,276,8,None,None,No,No,No,No,No,No,No,No,No,No,Steady,No,No,No,No,No,No,Steady,No,No,No,No,No,Ch,Yes,NO
241993044,115182801,Caucasian,Female,[70-80),?,3,1,1,10,?,Oncology,65,2,8,1,0,0,515,428,427,9,None,None,No,No,No,No,No,No,No,No,No,No,No,No,No,No,No,No,No,No,No,No,No,No,No,No,No,>30
248000598,46307547,Caucasian,Female,[70-80),?,3,1,1,3,MC,?,1,2,27,0,0,0,433,401,272,9,None,None,No,No,No,No,Steady,No,No,No,No,Steady,No,No,No,No,No,No,No,Steady,No,No,No,No,No,Ch,Yes,NO
251624202,44499690,Caucasian,Male,[60-70),?,3,1,1,3,MD,?,43,1,19,1,0,0,428,585,V45,7,None,None,No,No,No,No,No,No,No,No,No,Steady,No,No,No,No,No,No,No,No,No,No,No,No,No,No,Yes,>30
253887918,44430876,Caucasian,Female,[70-80),?,1,28,7,5,MD,?,59,0,12,0,0,2,560,780,276,9,None,None,No,No,No,No,Down,No,No,No,No,No,No,No,No,No,No,No,No,No,No,No,No,No,No,Ch,Yes,<30
254302518,113373018,Caucasian,Female,[70-80),?,1,1,7,1,MC,?,42,3,11,0,0,2,786,585,424,9,None,None,No,No,No,No,No,No,No,No,No,No,No,No,No,No,No,No,No,No,No,No,No,No,No,No,No,>30
256504044,74472876,Caucasian,Female,[80-90),?,3,1,7,3,MC,?,73,0,21,0,2,0,584,780,403,9,None,None,No,No,No,No,No,No,No,No,No,No,No,No,No,No,No,No,No,Steady,No,No,No,No,No,No,Yes,>30
256562088,101125548,Caucasian,Male,[40-50),?,2,1,7,8,OG,Family/GeneralPractice,67,0,23,0,1,0,577,303,276,9,None,>7,Up,No,No,No,No,No,Steady,No,No,No,No,No,No,No,No,No,No,Down,No,No,No,No,No,Ch,Yes,>30
261922866,43467093,Caucasian,Male,[40-50),?,3,1,1,2,MD,Surgery-General,52,4,19,0,0,1,566,496,427,9,None,None,No,No,No,No,No,No,No,No,No,Steady,No,No,No,No,No,No,No,No,No,No,No,No,No,No,Yes,NO
262080414,43420167,Caucasian,Male,[70-80),?,1,1,7,1,MC,?,43,0,3,0,0,0,491,428,276,7,None,None,No,No,No,No,No,No,No,No,No,No,No,No,No,No,No,No,No,No,No,No,No,No,No,No,No,>30
266951964,104115780,Caucasian,Female,[60-70),?,2,1,7,4,CM,Emergency/Trauma,54,0,12,0,1,0,790,427,433,9,None,None,No,No,No,No,No,No,No,No,No,No,No,No,No,No,No,No,No,No,No,No,No,No,No,No,No,NO
267349980,89834598,Caucasian,Female,[80-90),?,2,3,7,6,MC,Emergency/Trauma,42,0,17,0,0,0,493,250,401,9,None,None,No,No,No,No,No,No,No,Up,No,No,No,No,No,No,No,No,No,Down,No,No,No,No,No,Ch,Yes,NO
270608736,49811742,AfricanAmerican,Female,[50-60),?,1,6,7,1,MD,?,6,0,12,2,0,3,786,707,785,9,None,None,No,No,No,No,No,No,No,No,No,No,No,No,No,No,No,No,No,Down,No,No,No,No,No,Ch,Yes,<30
274634502,86205627,Caucasian,Female,[50-60),?,3,1,1,3,MC,Ophthalmology,34,1,25,0,0,0,715,278,401,6,None,None,No,No,No,No,No,No,No,No,No,No,No,No,No,No,No,No,No,Steady,No,No,No,No,No,No,Yes,NO
275418096,38751660,Caucasian,Female,[70-80),?,3,1,4,5,?,?,43,1,24,0,0,0,491,404,585,9,None,None,No,No,No,No,No,No,No,No,No,No,No,No,No,No,No,No,No,Up,No,No,No,No,No,Ch,Yes,>30
284124696,38029005,?,Male,[80-90),?,1,3,7,10,MC,?,68,4,41,0,0,0,574,38,995,9,None,None,No,No,No,No,No,No,Down,Steady,No,No,No,No,No,No,No,No,No,Down,No,No,No,No,No,Ch,Yes,NO
284195178,38367981,?,Male,[70-80),?,1,1,7,4,MC,?,46,0,14,0,0,0,486,427,414,9,None,None,Down,No,No,No,No,No,No,Steady,No,No,Steady,No,No,No,No,No,No,No,No,No,No,No,No,Ch,Yes,NO
285227532,42965991,AfricanAmerican,Female,[60-70),?,1,1,7,2,DM,?,43,1,8,0,0,0,250.22,295,401,5,None,Norm,No,No,No,No,No,No,No,No,No,Steady,No,No,No,No,No,No,No,Down,No,No,No,No,No,Ch,Yes,NO
287947308,33060267,Caucasian,Male,[80-90),?,1,1,7,3,MC,InternalMedicine,1,0,7,0,0,0,459,682,250,9,None,None,No,No,No,No,No,No,No,No,No,No,No,No,No,No,No,No,No,No,No,No,No,No,No,No,No,NO
292893486,96983937,Caucasian,Male,[60-70),?,1,1,7,2,BC,?,72,0,15,0,0,1,250.12,V58,V15,5,None,None,No,No,No,No,No,No,No,No,No,No,No,No,No,No,No,No,No,Steady,No,No,No,No,No,No,Yes,<30
294321092,108786150,Caucasian,Male,[60-70),?,3,3,6,6,SP,?,30,1,15,0,0,2,728,682,730,9,None,None,No,No,No,No,No,No,No,No,No,No,No,No,No,No,No,No,No,Down,No,No,No,No,No,Ch,Yes,NO
294967868,42428106,Caucasian,Female,[50-60),?,1,1,7,2,SP,?,53,3,14,0,0,0,722,724,250,6,None,Norm,Steady,No,No,No,No,No,No,No,No,No,No,No,No,No,No,No,No,No,No,No,No,No,No,No,Yes,NO
305581628,180334265,Caucasian,Female,[60-70),?,3,3,1,3,MC,?,27,1,28,0,1,0,715,V85,278,9,None,Norm,Steady,No,No,No,Steady,No,No,No,No,No,Steady,No,No,No,No,No,No,Up,No,No,No,No,No,Ch,Yes,NO
327829064,44858619,AfricanAmerican,Male,[50-60),?,2,1,1,4,SP,Surgery-General,48,2,11,0,1,2,996,790,996,9,None,None,No,Steady,No,No,No,No,No,No,No,No,No,No,No,No,No,No,No,Up,No,No,No,No,No,Ch,Yes,<30
329682326,101956869,Caucasian,Female,[40-50),?,2,1,7,4,SP,Emergency/Trauma,43,0,13,1,4,0,577,530,533,9,None,None,No,No,No,No,No,No,No,No,No,No,No,No,No,No,No,No,No,No,No,No,No,No,No,No,No,NO
337182440,104299164,Caucasian,Male,[60-70),?,2,1,1,4,SP,Emergency/Trauma,48,2,23,0,1,0,427,427,402,9,None,None,No,No,No,No,No,No,No,No,No,No,No,No,No,No,No,No,No,Up,No,No,No,No,No,Ch,Yes,>30
340196582,184448192,Other,Female,[70-80),?,1,1,7,1,MD,?,30,0,13,0,0,1,427,428,250,7,None,None,No,No,No,No,No,No,No,No,No,No,No,No,No,No,No,No,No,No,No,No,No,No,No,No,No,>30
341933756,68887458,Caucasian,Male,[60-70),?,1,1,7,7,MC,?,53,0,9,0,0,0,599,584,790,7,None,None,No,No,No,No,No,No,No,No,No,No,No,No,No,No,No,No,No,Up,No,No,No,No,No,Ch,Yes,NO
359060882,44469414,Caucasian,Female,[70-80),?,1,1,7,2,SP,?,1,4,15,1,0,0,410,414,414,8,None,None,Steady,No,No,No,No,No,No,No,No,No,No,No,No,No,No,No,No,Down,No,No,No,No,No,Ch,Yes,>30
392585438,184314542,Caucasian,Male,[60-70),?,1,1,7,7,MC,?,47,6,25,0,0,0,537,585,403,9,None,None,No,No,No,No,No,No,No,Steady,No,No,No,No,No,No,No,No,No,Down,No,No,No,No,No,Ch,Yes,>30
399596324,80807364,Asian,Male,[70-80),[75-100),1,1,7,4,UN,?,48,0,15,0,0,0,458,584,327,9,None,None,No,No,No,No,No,No,Steady,Steady,No,Steady,No,No,No,No,No,No,No,No,No,No,No,No,No,Ch,Yes,NO
407904908,45511560,AfricanAmerican,Male,[50-60),?,1,1,7,2,HM,?,10,2,6,0,0,0,404,425,416,9,None,None,No,No,No,No,No,No,No,No,No,No,No,No,No,No,No,No,No,No,No,No,No,No,No,No,No,NO
425492240,84397842,Caucasian,Male,[60-70),?,2,1,1,9,HM,?,43,2,22,1,5,5,491,428,414,9,None,None,No,No,No,No,No,No,Steady,No,No,No,No,Steady,No,No,No,No,No,No,No,No,No,No,No,Ch,Yes,>30
426719456,109083960,AfricanAmerican,Male,[70-80),?,1,3,7,8,MC,?,42,3,19,0,0,0,198,336,344,9,None,None,No,No,No,No,No,No,No,No,No,No,No,No,No,No,No,No,No,No,No,No,No,No,No,No,No,NO
437843174,88026903,Hispanic,Female,[80-90),?,1,3,1,3,?,Cardiology,33,3,25,0,0,0,410,428,428,9,None,None,No,Steady,No,No,No,No,No,No,No,Steady,No,No,No,No,No,No,No,No,No,No,No,No,No,Ch,Yes,NO
438518972,141529541,Caucasian,Female,[70-80),?,1,3,7,2,MC,?,1,0,10,0,0,0,821,682,V85,9,None,None,No,No,No,No,No,No,No,No,No,No,No,No,No,No,No,No,No,Steady,No,No,No,No,No,No,Yes,NO
439103558,42839874,AfricanAmerican,Male,[50-60),?,1,1,7,4,MD,?,66,1,9,0,0,1,295,V62,298,9,None,Norm,No,No,No,No,No,No,No,No,No,Steady,No,No,No,No,No,No,No,No,No,No,No,No,No,No,Yes,NO
