encounter_id,medication_key,dose_status,readmit_30d_flag,readmit_any_flag,is_readmit_eligible
11069136,18,Steady,0,0,1
18299760,18,Steady,1,1,1
20302278,18,Steady,1,1,1
21873612,1,Steady,0,1,1
21873612,8,Steady,0,1,1
28627446,1,Down,0,0,1
28627446,8,Steady,0,0,1
29116674,8,Steady,0,1,1
37852296,18,Steady,0,0,1
53461986,1,Steady,0,0,1
53461986,8,Steady,0,0,1
53461986,18,Steady,0,0,1
55833498,5,Steady,0,1,1
56360040,5,Steady,0,0,1
56360040,18,Steady,0,0,1
56666844,1,Steady,0,0,1
56666844,7,Steady,0,0,1
61173546,8,Steady,0,0,1
61173546,18,Down,0,0,1
63955512,11,Steady,0,0,1
68346126,8,Up,0,0,1
68346126,18,Steady,0,0,1
68760726,1,Steady,0,0,1
68760726,7,Steady,0,0,1
68760726,11,Steady,0,0,1
68760726,18,Steady,0,0,1
69759912,18,Steady,0,0,1
71314662,5,Steady,0,1,1
71314662,18,Steady,0,1,1
76754214,3,Steady,0,0,1
76754214,18,Steady,0,0,1
77181252,18,Up,0,0,1
82139868,8,Steady,0,0,1
82139868,18,Steady,0,0,1
83230266,8,Steady,0,1,1
85659822,5,Steady,0,0,1
86298306,1,Steady,0,0,1
87637464,1,Steady,0,0,1
87637464,8,Steady,0,0,1
88802490,18,Up,0,1,1
91095228,7,Steady,0,1,1
91095228,10,Steady,0,1,1
91095228,18,Steady,0,1,1
92608518,18,Steady,0,1,1
99702324,18,Down,0,0,0
99843288,18,Steady,0,1,1
102318450,18,Steady,0,1,1
107322672,7,Steady,0,0,1
107322672,18,Up,0,0,1
107384862,8,Steady,1,1,1
108243084,10,Steady,0,0,1
110071470,1,Steady,1,1,1
110071470,7,Steady,1,1,1
110071470,18,Steady,1,1,1
110568990,1,Steady,0,1,1
110568990,5,Steady,0,1,1
110568990,11,Steady,0,1,1
111020904,7,Steady,0,0,1
112538340,1,Steady,0,0,1
116717508,10,Steady,0,1,1
117459642,18,Up,0,1,1
119321196,10,Steady,0,0,1
120063330,18,Down,0,1,1
120473784,1,Steady,0,1,1
120473784,5,Steady,0,1,1
121862694,18,Steady,0,1,1
125332896,18,Steady,0,1,1
125660430,1,Steady,0,1,1
125660430,8,Steady,0,1,1
126041862,7,Steady,0,1,1
126041862,18,Steady,0,1,1
130100796,7,Steady,0,0,1
130100796,10,Steady,0,0,1
140420190,7,Steady,0,1,1
140420190,18,Up,0,1,1
148558788,2,Steady,0,0,0
149586996,5,Steady,0,0,1
151659996,18,Steady,0,1,1
152053866,5,Steady,0,1,1
152053866,18,Up,0,1,1
152754540,7,Steady,0,0,1
152754540,18,Up,0,0,1
152899650,18,Up,0,0,1
156067194,18,Steady,0,0,0
156266202,18,Steady,0,0,1
157145154,7,Steady,0,1,1
157145154,18,Up,0,1,1
160333428,18,Down,0,0,1
162518370,7,Steady,1,1,1
163306110,18,Up,1,1,1
164943780,18,Steady,0,0,1
166233186,18,Down,0,0,1
167601366,1,Steady,0,1,1
167601366,8,Steady,0,1,1
167601366,11,Steady,0,1,1
169483650,7,Steady,1,1,1
169483650,18,Up,1,1,1
169778016,18,Steady,0,1,1
169931418,8,Steady,0,1,1
169931418,11,Steady,0,1,1
169931418,18,Steady,0,1,1
172817034,1,Steady,0,1,1
172817034,18,Down,0,1,1
173998644,18,Steady,0,0,1
176610624,18,Steady,0,0,1
180897588,18,Steady,0,0,1
183770766,18,Steady,0,0,1
184185366,18,Down,0,0,1
185313078,18,Down,0,0,1
187489728,18,Down,1,1,1
189583458,5,Steady,0,0,1
190930908,1,Steady,0,1,1
190930908,10,Down,0,1,1
190930908,18,Down,0,1,1
193621662,1,Steady,0,1,1
193621662,8,Steady,0,1,1
193621662,18,Up,0,1,1
201640026,18,Steady,0,0,1
202601898,7,Steady,0,0,1
202601898,18,Up,0,0,1
204994140,1,Steady,0,1,1
204994140,8,Steady,0,1,1
204994140,10,Steady,0,1,1
204994140,18,Steady,0,1,1
207527346,2,Steady,0,1,1
211018278,1,Steady,0,0,1
211018278,11,Steady,0,0,1
211018278,18,Down,0,0,1
221934696,18,Down,0,1,1
230280594,18,Steady,0,0,1
232875990,8,Steady,0,0,1
232875990,18,Steady,0,0,1
239878584,18,Steady,0,0,1
240886062,11,Steady,0,0,1
240886062,18,Steady,0,0,1
248000598,5,Steady,0,0,1
248000598,10,Steady,0,0,1
248000598,18,Steady,0,0,1
251624202,10,Steady,0,1,1
253887918,5,Down,1,1,1
256504044,18,Steady,0,1,1
256562088,1,Up,0,1,1
256562088,7,Steady,0,1,1
256562088,18,Down,0,1,1
261922866,10,Steady,0,0,1
267349980,8,Up,0,0,1
267349980,18,Down,0,0,1
270608736,18,Down,1,1,1
274634502,18,Steady,0,0,1
275418096,18,Up,0,1,1
284124696,7,Down,0,0,1
284124696,8,Steady,0,0,1
284124696,18,Down,0,0,1
284195178,1,Down,0,0,1
284195178,8,Steady,0,0,1
284195178,11,Steady,0,0,1
285227532,10,Steady,0,0,1
285227532,18,Down,0,0,1
292893486,18,Steady,1,1,1
294321092,18,Down,0,0,1
294967868,1,Steady,0,0,1
305581628,1,Steady,0,0,1
305581628,5,Steady,0,0,1
305581628,11,Steady,0,0,1
305581628,18,Up,0,0,1
327829064,2,Steady,1,1,1
327829064,18,Up,1,1,1
337182440,18,Up,0,1,1
341933756,18,Up,0,0,1
359060882,1,Steady,0,1,1
359060882,18,Down,0,1,1
392585438,8,Steady,0,1,1
392585438,18,Down,0,1,1
399596324,7,Steady,0,0,1
399596324,8,Steady,0,0,1
399596324,10,Steady,0,0,1
425492240,7,Steady,0,1,1
425492240,12,Steady,0,1,1
437843174,2,Steady,0,0,1
437843174,10,Steady,0,0,1
438518972,18,Steady,0,0,1
439103558,10,Steady,0,0,1
