encounter_id,patient_nbr,age_key,primary_diag_group_key,secondary_diag_group_key,admission_type_id,discharge_disposition_id,admission_source_id,patient_encounter_seq,is_first_encounter,payer_code,medical_specialty,diag_1,time_in_hospital,los_band,num_lab_procedures,num_procedures,num_medications,number_outpatient,number_emergency,number_inpatient,prior_inpatient_band,number_diagnoses,max_glu_serum,a1c_result,n_diabetes_meds,n_meds_changed,med_change_flag,diabetes_med_flag,insulin_flag,insulin_status,readmitted,readmit_30d_flag,readmit_any_flag,is_readmit_eligible,is_num_meds_outlier,is_num_labs_outlier
11069136,4021776,4,3,2,6,1,7,1,1,,,574,6,03: 5-7 days,65,2,8,0,0,0,0,2,>300,Not measured,1,0,0,1,1,Steady,NO,0,0,1,0,0
18299760,5207247,6,10,10,1,1,7,1,1,,InternalMedicine,518,10,04: 8-14 days,72,2,24,0,0,3,3+,7,Not measured,Not measured,1,0,0,1,1,Steady,<30,1,1,1,0,0
18884346,7504560,3,7,2,3,1,1,1,1,,Orthopedics-Reconstructive,722,4,02: 3-4 days,44,2,15,0,0,0,0,2,Not measured,Not measured,0,0,0,0,0,No,NO,0,0,1,0,0
20302278,5207247,6,10,2,1,1,7,2,0,,InternalMedicine,491,4,02: 3-4 days,55,0,10,0,0,4,3+,6,Not measured,Not measured,1,0,0,1,1,Steady,<30,1,1,1,0,0
21873612,8673813,6,1,10,2,8,2,1,1,,,428,8,04: 8-14 days,56,6,24,0,0,0,0,8,Not measured,Not measured,2,0,1,1,0,No,>30,0,1,1,0,0
25609158,11846358,5,1,2,2,1,1,1,1,,,403,9,04: 8-14 days,65,1,24,0,0,0,0,3,Not measured,Not measured,0,0,0,0,0,No,>30,0,1,1,0,0
28627446,7882524,5,8,4,3,6,3,1,1,,Urology,185,3,02: 3-4 days,30,1,22,0,0,0,0,6,Not measured,Not measured,2,1,1,1,0,No,NO,0,0,1,0,0
29116674,17848692,7,2,1,1,1,7,1,1,,,250.7,12,04: 8-14 days,48,0,17,0,0,0,0,5,Not measured,Norm,1,0,0,1,0,No,>30,0,1,1,0,0
37106016,234981,6,1,1,2,1,1,1,1,,InternalMedicine,414,2,01: 1-2 days,45,5,7,0,0,0,0,8,Not measured,Not measured,0,0,0,0,0,No,NO,0,0,1,0,0
37852296,3986748,4,10,2,2,1,1,1,1,,Family/GeneralPractice,786,3,02: 3-4 days,51,0,12,0,0,0,0,9,Not measured,>8,1,0,0,1,1,Steady,NO,0,0,1,0,0
39742872,144603,5,10,9,2,18,2,1,1,,,786,2,01: 1-2 days,38,0,12,0,0,0,0,6,Not measured,Not measured,0,0,0,0,0,No,NO,0,0,1,0,0
48101208,103455648,5,7,9,6,6,17,1,1,,Orthopedics-Reconstructive,715,5,03: 5-7 days,33,2,20,0,0,0,0,5,Not measured,Not measured,0,0,0,0,0,No,NO,0,0,1,0,0
53461986,114145839,4,1,2,1,1,7,1,1,,,458,1,01: 1-2 days,42,0,6,0,0,0,0,2,Not measured,Norm,3,0,1,1,1,Steady,NO,0,0,1,0,0
55833498,110735343,5,1,10,6,1,17,1,1,,Cardiology,428,7,03: 5-7 days,74,1,23,1,0,1,1,7,Not measured,Not measured,1,0,0,1,0,No,>30,0,1,1,0,0
56360040,63419904,6,3,8,1,6,7,1,1,,,574,13,04: 8-14 days,81,6,42,0,0,2,2,9,Not measured,Not measured,2,0,1,1,1,Steady,NO,0,0,1,0,0
56666844,7609581,2,9,2,6,1,17,1,1,,Surgery-General,682,8,04: 8-14 days,56,0,20,0,0,0,0,5,Not measured,>8,2,0,1,1,0,No,NO,0,0,1,0,0
61173546,99301626,8,9,9,1,3,7,1,1,,,112,9,04: 8-14 days,76,0,19,0,0,0,0,8,Not measured,Not measured,2,1,1,1,1,Down,NO,0,0,1,0,0
63955512,20019024,6,5,2,3,18,1,1,1,,Orthopedics,996,3,02: 3-4 days,24,1,20,0,0,1,1,4,Not measured,Not measured,1,0,0,1,0,No,NO,0,0,1,0,0
66298002,1379115,6,7,9,3,18,1,1,1,,Orthopedics,715,4,02: 3-4 days,20,1,28,0,0,0,0,7,Not measured,Not measured,0,0,0,0,0,No,NO,0,0,1,0,0
67715934,20044548,4,3,1,1,1,7,1,1,,Surgery-General,562,2,01: 1-2 days,50,0,5,0,0,0,0,3,Not measured,Not measured,0,0,0,0,0,No,NO,0,0,1,0,0
68346126,25320996,7,7,1,1,3,17,1,1,,Hematology/Oncology,723,4,02: 3-4 days,22,0,12,0,0,0,0,9,>200,Not measured,2,1,1,1,1,Steady,NO,0,0,1,0,0
68760726,4893768,2,9,2,1,1,7,1,1,,Family/GeneralPractice,682,3,02: 3-4 days,45,1,19,0,0,1,1,5,Not measured,Not measured,4,0,1,1,1,Steady,NO,0,0,1,0,0
69328728,1827585,7,1,1,1,6,7,1,1,,,458,4,02: 3-4 days,58,0,14,0,0,0,0,5,Not measured,Norm,0,0,0,0,0,No,>30,0,1,1,0,0
69759912,78129,5,5,1,3,1,1,1,1,,InternalMedicine,998,3,02: 3-4 days,34,2,15,0,0,0,0,9,Not measured,Not measured,1,0,0,1,1,Steady,NO,0,0,1,0,0
71314662,55395837,4,1,1,3,1,1,1,1,,Cardiology,414,1,01: 1-2 days,8,5,17,0,0,0,0,7,Not measured,Not measured,2,0,1,1,1,Steady,>30,0,1,1,0,0
76754214,20889945,4,5,10,3,1,1,1,1,,Surgery-Cardiovascular/Thoracic,997,4,02: 3-4 days,50,4,18,0,0,0,0,8,Not measured,Not measured,2,0,1,1,1,Steady,NO,0,0,1,0,0
77181252,3859335,4,1,5,3,1,1,1,1,,Surgery-Cardiovascular/Thoracic,414,5,03: 5-7 days,47,5,32,0,0,0,0,6,Not measured,Norm,1,1,1,1,1,Up,NO,0,0,1,0,0
80299044,24041340,7,1,1,6,25,17,1,1,,Family/GeneralPractice,434,1,01: 1-2 days,23,0,3,0,1,0,0,4,Norm,Not measured,0,0,0,0,0,No,NO,0,0,1,0,0
82139868,5049054,5,1,1,1,1,7,1,1,,,428,2,01: 1-2 days,64,0,14,0,0,1,1,7,Not measured,Not measured,2,0,1,1,1,Steady,NO,0,0,1,0,0
82338876,56282004,7,5,1,2,1,1,1,1,,Cardiology,996,5,03: 5-7 days,69,2,11,6,0,0,0,6,Not measured,Not measured,0,0,0,0,0,No,NO,0,0,1,0,0
82977360,9482238,7,10,10,1,3,7,1,1,,,482,12,04: 8-14 days,37,0,13,0,0,0,0,6,Not measured,Not measured,0,0,0,0,0,No,NO,0,0,1,0,0
83230266,73229094,4,9,9,1,1,7,1,1,,,790,4,02: 3-4 days,83,0,13,0,1,0,0,9,Not measured,Not measured,1,0,0,1,0,No,>30,0,1,1,0,0
85659822,21422862,7,1,1,1,3,7,1,1,,Family/GeneralPractice,410,10,04: 8-14 days,68,4,41,0,0,0,0,7,Not measured,Not measured,1,0,0,1,0,No,NO,0,0,1,0,0
86298306,111096729,5,8,2,1,6,7,1,1,,,198,7,03: 5-7 days,46,0,10,0,0,0,0,7,Not measured,Not measured,1,0,0,1,0,No,NO,0,0,1,0,0
87637464,23864598,4,1,9,5,6,17,1,1,CH,,459,5,03: 5-7 days,12,0,14,0,1,0,0,7,Norm,Not measured,2,0,1,1,0,No,NO,0,0,1,0,0
88802490,25409961,5,2,9,1,1,17,1,1,MC,,250.8,2,01: 1-2 days,16,0,13,0,0,0,0,9,Norm,Not measured,1,1,1,1,1,Up,>30,0,1,1,0,0
91095228,44073234,6,1,1,2,6,1,1,1,MC,,440,8,04: 8-14 days,49,1,27,0,0,2,2,9,Not measured,Not measured,3,0,1,1,1,Steady,>30,0,1,1,0,0
92608518,602028,6,4,9,1,1,6,1,1,UN,InternalMedicine,599,2,01: 1-2 days,48,0,8,0,0,3,3+,5,Not measured,Not measured,1,0,0,1,1,Steady,>30,0,1,1,0,0
99702324,28024614,7,9,1,5,14,17,1,1,MC,,38,8,04: 8-14 days,17,0,12,0,0,1,1,9,Norm,Not measured,1,1,1,1,1,Down,NO,0,0,0,0,0
99843288,2254923,5,1,1,3,1,1,1,1,,,414,1,01: 1-2 days,27,6,9,0,0,0,0,5,Not measured,Not measured,1,0,0,1,1,Steady,>30,0,1,1,0,0
101269512,12592350,6,1,10,1,1,6,1,1,MC,Family/GeneralPractice,428,5,03: 5-7 days,52,0,17,0,0,0,0,5,Not measured,Not measured,0,0,0,0,0,No,NO,0,0,1,0,0
102318450,23714388,7,1,4,5,3,17,1,1,MC,Family/GeneralPractice,433,13,04: 8-14 days,19,1,17,0,0,0,0,7,>200,Not measured,1,0,0,1,1,Steady,>30,0,1,1,0,0
106369092,17791938,5,3,2,2,1,1,1,1,UN,InternalMedicine,575,1,01: 1-2 days,41,1,4,0,0,0,0,4,Not measured,Not measured,0,0,0,0,0,No,<30,1,1,1,0,0
107322672,73188891,5,1,1,3,6,4,1,1,,Surgery-Thoracic,410,9,04: 8-14 days,73,4,35,0,0,0,0,9,Not measured,Not measured,2,1,1,1,1,Up,NO,0,0,1,0,0
107384862,21465657,4,5,4,1,3,7,1,1,,Orthopedics-Reconstructive,824,5,03: 5-7 days,34,2,12,0,0,0,0,6,Not measured,Not measured,1,0,0,1,0,No,<30,1,1,1,0,0
108056514,68637672,5,5,1,3,1,1,1,1,,Surgery-General,997,2,01: 1-2 days,30,2,7,1,0,8,3+,7,Not measured,Not measured,0,0,0,0,0,No,>30,0,1,1,0,0
108243084,41603355,5,8,4,6,1,17,1,1,,ObstetricsandGynecology,218,4,02: 3-4 days,62,3,32,0,0,0,0,9,Not measured,Not measured,1,0,0,1,0,No,NO,0,0,1,0,0
109665162,24805665,7,8,9,5,6,17,1,1,MC,Urology,188,1,01: 1-2 days,7,1,10,0,1,0,0,8,Not measured,Not measured,0,0,0,0,0,No,NO,0,0,1,0,0
110071470,6139287,5,1,1,1,1,7,1,1,,InternalMedicine,428,2,01: 1-2 days,68,0,11,4,0,0,0,4,Not measured,Not measured,3,0,1,1,1,Steady,<30,1,1,1,0,0
110096346,1869606,6,9,1,1,3,6,1,1,MC,,276,4,02: 3-4 days,35,0,3,0,0,0,0,5,Not measured,Norm,0,0,0,0,0,No,<30,1,1,1,0,0
110568990,23344416,5,5,1,1,1,7,1,1,MC,Cardiology,996,2,01: 1-2 days,47,5,21,0,0,0,0,7,Not measured,Not measured,3,0,1,1,0,No,>30,0,1,1,0,0
111020904,103505661,6,1,1,1,3,7,1,1,CM,Family/GeneralPractice,414,4,02: 3-4 days,59,0,11,0,0,0,0,9,Not measured,Not measured,1,0,0,1,0,No,NO,0,0,1,0,0
112538340,217233,5,1,1,2,1,9,1,1,MC,InternalMedicine,427,2,01: 1-2 days,48,0,9,0,0,0,0,5,Not measured,>7,1,0,0,1,0,No,NO,0,0,1,0,0
116717508,23940567,7,1,1,1,1,7,1,1,MC,InternalMedicine,458,1,01: 1-2 days,42,0,5,0,0,0,0,5,Not measured,Not measured,1,0,0,1,0,No,>30,0,1,1,0,0
117459642,23228883,3,1,1,1,3,5,1,1,MC,InternalMedicine,428,7,03: 5-7 days,46,0,23,0,0,2,2,9,Not measured,Not measured,1,1,1,1,1,Up,>30,0,1,1,0,0
118181046,98597322,6,1,9,6,6,17,1,1,,Family/GeneralPractice,428,12,04: 8-14 days,62,6,26,0,1,6,3+,9,Not measured,Not measured,0,0,0,0,0,No,>30,0,1,1,0,0
119321196,23942205,4,1,9,1,1,7,1,1,CP,InternalMedicine,434,4,02: 3-4 days,45,0,7,0,1,1,1,5,Not measured,Not measured,1,0,0,1,0,No,NO,0,0,1,0,0
120063330,101015640,2,9,9,1,1,7,1,1,MD,,296,6,03: 5-7 days,60,0,11,0,0,0,0,7,Not measured,Not measured,1,1,1,1,1,Down,>30,0,1,1,0,0
120473784,92771865,7,9,7,1,22,7,1,1,MC,Emergency/Trauma,8,6,03: 5-7 days,1,3,16,0,0,0,0,9,Not measured,Not measured,2,0,1,1,0,No,>30,0,1,1,0,0
121862694,42471540,4,10,1,6,1,17,1,1,,Pulmonology,486,3,02: 3-4 days,56,4,22,0,0,0,0,9,Not measured,>8,1,0,0,1,1,Steady,>30,0,1,1,0,0
122239980,34008795,7,3,1,2,3,7,1,1,SP,Emergency/Trauma,560,4,02: 3-4 days,30,0,17,0,0,2,2,8,Not measured,Not measured,0,0,0,0,0,No,NO,0,0,1,0,0
122405820,24965487,8,1,1,3,3,1,1,1,MC,Surgery-Neuro,432,7,03: 5-7 days,36,0,6,0,0,0,0,5,Not measured,Not measured,0,0,0,0,0,No,NO,0,0,1,0,0
125332896,99750060,7,10,1,1,3,7,1,1,MC,InternalMedicine,486,10,04: 8-14 days,64,0,16,3,0,0,0,9,Not measured,Not measured,1,0,0,1,1,Steady,>30,0,1,1,0,0
125660430,89096679,7,4,5,3,3,2,1,1,MC,Urology,600,6,03: 5-7 days,1,1,11,0,0,0,0,9,Not measured,Not measured,2,0,1,1,0,No,>30,0,1,1,0,0
126041862,25007112,7,1,1,3,1,1,1,1,MC,Cardiology,424,8,04: 8-14 days,48,0,22,0,0,0,0,9,Not measured,Not measured,2,0,1,1,1,Steady,>30,0,1,1,0,0
130100796,42140610,6,10,1,1,3,7,1,1,,,486,9,04: 8-14 days,30,0,12,0,0,0,0,7,Not measured,Not measured,2,0,1,1,0,No,NO,0,0,1,0,0
140353854,103637223,4,1,1,2,2,7,1,1,HM,InternalMedicine,427,4,02: 3-4 days,63,0,13,0,0,2,2,9,Not measured,Not measured,0,0,0,0,0,No,<30,1,1,1,0,0
140420190,97723566,5,3,10,1,1,7,1,1,,,560,5,03: 5-7 days,9,0,32,0,0,0,0,9,Not measured,Not measured,2,1,1,1,1,Up,>30,0,1,1,0,0
147986640,92269341,7,8,8,1,11,7,1,1,OG,,197,12,04: 8-14 days,36,1,8,0,0,0,0,7,Not measured,Not measured,0,0,0,0,0,No,NO,0,0,0,0,0
148558788,54690120,6,8,1,1,13,7,1,1,,,162,11,04: 8-14 days,46,1,29,0,0,1,1,9,Not measured,Not measured,1,0,0,1,0,No,NO,0,0,0,0,0
149586996,24137073,2,10,1,1,1,7,1,1,BC,Family/GeneralPractice,786,2,01: 1-2 days,47,0,7,0,0,0,0,5,Not measured,Norm,1,0,0,1,0,No,NO,0,0,1,0,0
151659996,88575849,7,9,9,1,1,7,1,1,,Family/GeneralPractice,789,1,01: 1-2 days,50,0,11,0,0,0,0,9,Not measured,Not measured,1,0,0,1,1,Steady,>30,0,1,1,0,0
152053866,89583030,6,10,10,2,3,1,1,1,MC,Emergency/Trauma,486,7,03: 5-7 days,73,0,34,0,0,1,1,9,Not measured,Not measured,2,1,1,1,1,Up,>30,0,1,1,0,0
152754540,23517369,6,1,2,3,1,1,1,1,MC,Cardiology,414,1,01: 1-2 days,28,4,17,0,0,1,1,5,Not measured,Not measured,2,1,1,1,1,Up,NO,0,0,1,0,0
152899650,30413628,4,9,2,5,1,7,1,1,HM,,682,6,03: 5-7 days,52,2,13,0,3,0,0,9,Not measured,Not measured,1,1,1,1,1,Up,NO,0,0,1,0,0
156067194,25045290,4,8,9,1,11,7,1,1,BC,Oncology,157,2,01: 1-2 days,34,1,12,0,0,0,0,6,Not measured,Not measured,1,0,0,1,1,Steady,NO,0,0,0,0,0
156266202,85677246,7,5,1,1,6,7,1,1,MC,,996,8,04: 8-14 days,61,1,27,0,2,0,0,9,Not measured,Not measured,1,0,0,1,1,Steady,NO,0,0,1,0,0
157145154,100143639,6,4,1,2,3,7,1,1,MC,Family/GeneralPractice,599,9,04: 8-14 days,59,3,23,0,0,4,3+,9,Not measured,Not measured,2,1,1,1,1,Up,>30,0,1,1,0,0
160333428,58735485,3,2,9,1,5,7,1,1,MD,,250.1,3,02: 3-4 days,68,0,14,0,0,1,1,9,Not measured,Not measured,1,1,1,1,1,Down,NO,0,0,1,0,0
162518370,65087892,6,8,8,3,22,7,1,1,,InternalMedicine,198,10,04: 8-14 days,52,1,28,0,0,0,0,9,Not measured,Norm,1,0,0,1,0,No,<30,1,1,1,0,0
163306110,38449134,6,4,9,5,3,1,1,1,MC,,599,5,03: 5-7 days,58,0,14,2,0,0,0,9,Not measured,Not measured,1,1,1,1,1,Up,<30,1,1,1,0,0
164943780,28935648,1,2,9,1,1,7,1,1,,,250.11,4,02: 3-4 days,63,0,9,0,0,0,0,6,Not measured,Not measured,1,0,0,1,1,Steady,NO,0,0,1,0,0
164989386,76100868,4,3,10,2,1,7,1,1,,Family/GeneralPractice,577,4,02: 3-4 days,2,0,3,0,0,0,0,9,Not measured,Not measured,0,0,0,0,0,No,NO,0,0,1,0,0
166233186,24633099,5,1,2,1,6,7,1,1,MC,Surgery-Cardiovascular/Thoracic,410,10,04: 8-14 days,60,6,68,0,0,0,0,8,Not measured,Not measured,1,1,1,1,1,Down,NO,0,0,1,1,0
166855086,97391007,3,2,9,1,4,7,1,1,HM,,250.11,6,03: 5-7 days,65,2,17,0,0,4,3+,9,>300,Not measured,0,0,0,0,0,No,<30,1,1,1,0,0
167601366,40357971,6,10,1,1,6,7,1,1,MC,,507,2,01: 1-2 days,37,0,12,0,0,1,1,4,Not measured,Not measured,3,0,1,1,0,No,>30,0,1,1,0,0
169483650,102328992,7,1,10,3,1,7,1,1,SP,Emergency/Trauma,410,10,04: 8-14 days,75,6,28,0,0,0,0,9,Not measured,Not measured,2,1,1,1,1,Up,<30,1,1,1,0,0
169778016,80169489,2,1,1,1,1,7,1,1,HM,,428,4,02: 3-4 days,53,3,33,0,0,0,0,9,Not measured,>7,1,0,0,1,1,Steady,>30,0,1,1,0,0
169931418,102894165,6,1,1,1,1,7,1,1,,,427,7,03: 5-7 days,71,6,25,0,1,1,1,9,Not measured,Not measured,3,0,1,1,1,Steady,>30,0,1,1,0,0
172817034,93226005,6,3,1,5,3,1,1,1,MC,,531,5,03: 5-7 days,47,2,23,8,0,0,0,9,Not measured,Not measured,2,1,1,1,1,Down,>30,0,1,1,0,0
173998644,61400889,3,5,1,3,1,1,1,1,,Surgery-Vascular,996,6,03: 5-7 days,36,2,16,3,1,0,0,9,Not measured,Not measured,1,0,0,1,1,Steady,NO,0,0,1,0,0
176610624,2259189,5,10,1,2,1,7,1,1,,,486,3,02: 3-4 days,38,1,19,2,1,0,0,9,Not measured,Not measured,1,0,0,1,1,Steady,NO,0,0,1,0,0
180897588,24822252,5,1,1,3,1,1,1,1,HM,Cardiology,414,4,02: 3-4 days,33,6,17,0,0,0,0,7,Not measured,Not measured,1,0,0,1,1,Steady,NO,0,0,1,0,0
183770766,23828661,2,5,1,1,1,7,1,1,MD,InternalMedicine,962,3,02: 3-4 days,36,0,25,0,2,2,2,9,Not measured,Not measured,1,0,0,1,1,Steady,NO,0,0,1,0,0
184185366,24131367,4,1,1,3,1,1,1,1,MC,Surgery-Vascular,447,2,01: 1-2 days,29,3,21,0,1,1,1,8,Not measured,Not measured,1,1,1,1,1,Down,NO,0,0,1,0,0
185313078,23281101,3,9,1,3,1,1,1,1,,Family/GeneralPractice,682,5,03: 5-7 days,35,0,8,0,0,1,1,5,Not measured,Not measured,1,1,1,1,1,Down,NO,0,0,1,0,0
187489728,112667427,7,4,1,3,1,1,1,1,MD,Family/GeneralPractice,584,6,03: 5-7 days,63,0,17,0,0,0,0,9,Not measured,Not measured,1,1,1,1,1,Down,<30,1,1,1,0,0
189583458,90246177,6,1,1,3,1,1,1,1,MC,Pulmonology,459,2,01: 1-2 days,45,0,12,1,0,0,0,9,Not measured,Not measured,1,0,0,1,0,No,NO,0,0,1,0,0
190930908,92184075,6,5,9,2,1,7,1,1,CM,Emergency/Trauma,996,5,03: 5-7 days,39,4,22,0,0,1,1,8,Not measured,Not measured,3,2,1,1,1,Down,>30,0,1,1,0,0
192207876,40902264,6,1,10,3,3,1,1,1,MC,Radiologist,428,5,03: 5-7 days,47,0,23,0,0,0,0,9,Not measured,Not measured,0,0,0,0,0,No,NO,0,0,1,0,0
193621662,38543625,5,4,9,1,1,7,1,1,HM,,599,2,01: 1-2 days,51,0,14,0,0,0,0,7,Not measured,Not measured,3,1,1,1,1,Up,>30,0,1,1,0,0
201640026,66257352,5,1,5,1,1,7,1,1,BC,,410,3,02: 3-4 days,36,6,27,0,0,0,0,9,Not measured,Norm,1,0,0,1,1,Steady,NO,0,0,1,0,0
202601898,85047444,7,1,1,3,6,1,1,1,MC,,394,8,04: 8-14 days,67,6,34,0,0,0,0,9,Not measured,Not measured,2,1,1,1,1,Up,NO,0,0,1,0,0
202817490,90035649,6,3,10,2,1,7,1,1,MC,Emergency/Trauma,577,5,03: 5-7 days,55,0,8,0,0,0,0,9,Not measured,Norm,0,0,0,0,0,No,>30,0,1,1,0,0
204994140,85691727,6,1,10,3,1,1,1,1,,,433,1,01: 1-2 days,29,3,16,0,0,0,0,8,Not measured,Not measured,4,0,1,1,1,Steady,>30,0,1,1,0,0
207527346,98788392,7,1,10,3,1,1,1,1,MC,Cardiology,414,1,01: 1-2 days,29,6,9,1,1,1,1,7,Not measured,Not measured,1,0,0,1,0,No,>30,0,1,1,0,0
211018278,66221928,4,7,3,2,3,1,1,1,HM,,715,4,02: 3-4 days,49,1,22,0,0,1,1,9,Not measured,Not measured,3,1,1,1,1,Down,NO,0,0,1,0,0
216229800,104971878,4,1,10,1,1,7,1,1,MC,,428,2,01: 1-2 days,63,0,14,1,0,0,0,9,Not measured,Not measured,0,0,0,0,0,No,>30,0,1,1,0,0
221934696,92709351,3,10,1,2,1,7,1,1,SP,Family/GeneralPractice,491,6,03: 5-7 days,39,3,34,1,0,6,3+,9,Not measured,Not measured,1,1,1,1,1,Down,>30,0,1,1,0,0
230259864,44412210,5,1,6,3,1,1,1,1,SP,Cardiology,414,1,01: 1-2 days,32,6,4,0,0,0,0,3,Not measured,Not measured,0,0,0,0,0,No,>30,0,1,1,0,0
230280594,51011154,5,3,3,1,2,7,1,1,MC,Emergency/Trauma,578,9,04: 8-14 days,61,6,22,0,0,0,0,9,Not measured,>7,1,0,0,1,1,Steady,NO,0,0,1,0,0
230454726,62331138,5,1,4,1,1,7,1,1,HM,,410,3,02: 3-4 days,3,6,11,0,0,0,0,9,Not measured,Not measured,0,0,0,0,0,No,NO,0,0,1,0,0
232875990,32740785,3,3,9,1,1,7,1,1,CP,,577,1,01: 1-2 days,50,0,11,0,0,1,1,6,Not measured,Not measured,2,0,1,1,1,Steady,NO,0,0,1,0,0
233439846,89159958,3,2,4,1,1,7,1,1,CP,,250.1,3,02: 3-4 days,81,0,14,0,0,2,2,7,Norm,Not measured,0,0,0,0,0,No,>30,0,1,1,0,0
233842008,69932988,5,7,5,2,6,1,1,1,MC,Orthopedics,724,2,01: 1-2 days,11,1,17,0,0,0,0,9,Not measured,Not measured,0,0,0,0,0,No,NO,0,0,1,0,0
239878584,53887446,8,4,9,1,3,7,1,1,MC,,584,8,04: 8-14 days,54,0,9,0,0,0,0,9,Not measured,Not measured,1,0,0,1,1,Steady,NO,0,0,1,0,0
240886062,97818804,7,4,1,1,3,7,1,1,MC,,599,2,01: 1-2 days,47,0,9,2,0,0,0,8,Not measured,Not measured,2,0,1,1,1,Steady,NO,0,0,1,0,0
241993044,115182801,6,10,1,3,1,1,1,1,,Oncology,515,10,04: 8-14 days,65,2,8,1,0,0,0,9,Not measured,Not measured,0,0,0,0,0,No,>30,0,1,1,0,0
248000598,46307547,6,1,1,3,1,1,1,1,MC,,433,3,02: 3-4 days,1,2,27,0,0,0,0,9,Not measured,Not measured,3,0,1,1,1,Steady,NO,0,0,1,0,0
251624202,44499690,5,1,4,3,1,1,1,1,MD,,428,3,02: 3-4 days,43,1,19,1,0,0,0,7,Not measured,Not measured,1,0,0,1,0,No,>30,0,1,1,0,0
253887918,44430876,6,3,9,1,28,7,1,1,MD,,560,5,03: 5-7 days,59,0,12,0,0,2,2,9,Not measured,Not measured,1,1,1,1,0,No,<30,1,1,1,0,0
254302518,113373018,6,10,4,1,1,7,1,1,MC,,786,1,01: 1-2 days,42,3,11,0,0,2,2,9,Not measured,Not measured,0,0,0,0,0,No,>30,0,1,1,0,0
256504044,74472876,7,4,9,3,1,7,1,1,MC,,584,3,02: 3-4 days,73,0,21,0,2,0,0,9,Not measured,Not measured,1,0,0,1,1,Steady,>30,0,1,1,0,0
256562088,101125548,3,3,9,2,1,7,1,1,OG,Family/GeneralPractice,577,8,04: 8-14 days,67,0,23,0,1,0,0,9,Not measured,>7,3,2,1,1,1,Down,>30,0,1,1,0,0
261922866,43467093,3,3,10,3,1,1,1,1,MD,Surgery-General,566,2,01: 1-2 days,52,4,19,0,0,1,1,9,Not measured,Not measured,1,0,0,1,0,No,NO,0,0,1,0,0
262080414,43420167,6,10,1,1,1,7,1,1,MC,,491,1,01: 1-2 days,43,0,3,0,0,0,0,7,Not measured,Not measured,0,0,0,0,0,No,>30,0,1,1,0,0
266951964,104115780,5,9,1,2,1,7,1,1,CM,Emergency/Trauma,790,4,02: 3-4 days,54,0,12,0,1,0,0,9,Not measured,Not measured,0,0,0,0,0,No,NO,0,0,1,0,0
267349980,89834598,7,10,2,2,3,7,1,1,MC,Emergency/Trauma,493,6,03: 5-7 days,42,0,17,0,0,0,0,9,Not measured,Not measured,2,2,1,1,1,Down,NO,0,0,1,0,0
270608736,49811742,4,10,9,1,6,7,1,1,MD,,786,1,01: 1-2 days,6,0,12,2,0,3,3+,9,Not measured,Not measured,1,1,1,1,1,Down,<30,1,1,1,0,0
274634502,86205627,4,7,9,3,1,1,1,1,MC,Ophthalmology,715,3,02: 3-4 days,34,1,25,0,0,0,0,6,Not measured,Not measured,1,0,0,1,1,Steady,NO,0,0,1,0,0
275418096,38751660,6,10,1,3,1,4,1,1,,,491,5,03: 5-7 days,43,1,24,0,0,0,0,9,Not measured,Not measured,1,1,1,1,1,Up,>30,0,1,1,0,0
284124696,38029005,7,3,9,1,3,7,1,1,MC,,574,10,04: 8-14 days,68,4,41,0,0,0,0,9,Not measured,Not measured,3,2,1,1,1,Down,NO,0,0,1,0,0
284195178,38367981,6,10,1,1,1,7,1,1,MC,,486,4,02: 3-4 days,46,0,14,0,0,0,0,9,Not measured,Not measured,3,1,1,1,0,No,NO,0,0,1,0,0
285227532,42965991,5,2,9,1,1,7,1,1,DM,,250.22,2,01: 1-2 days,43,1,8,0,0,0,0,5,Not measured,Norm,2,1,1,1,1,Down,NO,0,0,1,0,0
287947308,33060267,7,1,9,1,1,7,1,1,MC,InternalMedicine,459,3,02: 3-4 days,1,0,7,0,0,0,0,9,Not measured,Not measured,0,0,0,0,0,No,NO,0,0,1,0,0
292893486,96983937,5,2,9,1,1,7,1,1,BC,,250.12,2,01: 1-2 days,72,0,15,0,0,1,1,5,Not measured,Not measured,1,0,0,1,1,Steady,<30,1,1,1,0,0
294321092,108786150,5,7,9,3,3,6,1,1,SP,,728,6,03: 5-7 days,30,1,15,0,0,2,2,9,Not measured,Not measured,1,1,1,1,1,Down,NO,0,0,1,0,0
294967868,42428106,4,7,7,1,1,7,1,1,SP,,722,2,01: 1-2 days,53,3,14,0,0,0,0,6,Not measured,Norm,1,0,0,1,0,No,NO,0,0,1,0,0
305581628,180334265,5,7,9,3,3,1,1,1,MC,,715,3,02: 3-4 days,27,1,28,0,1,0,0,9,Not measured,Norm,4,1,1,1,1,Up,NO,0,0,1,0,0
327829064,44858619,4,5,9,2,1,1,1,1,SP,Surgery-General,996,4,02: 3-4 days,48,2,11,0,1,2,2,9,Not measured,Not measured,2,1,1,1,1,Up,<30,1,1,1,0,0
329682326,101956869,3,3,3,2,1,7,1,1,SP,Emergency/Trauma,577,4,02: 3-4 days,43,0,13,1,4,0,0,9,Not measured,Not measured,0,0,0,0,0,No,NO,0,0,1,0,0
337182440,104299164,5,1,1,2,1,1,1,1,SP,Emergency/Trauma,427,4,02: 3-4 days,48,2,23,0,1,0,0,9,Not measured,Not measured,1,1,1,1,1,Up,>30,0,1,1,0,0
340196582,184448192,6,1,1,1,1,7,1,1,MD,,427,1,01: 1-2 days,30,0,13,0,0,1,1,7,Not measured,Not measured,0,0,0,0,0,No,>30,0,1,1,0,0
341933756,68887458,5,4,4,1,1,7,1,1,MC,,599,7,03: 5-7 days,53,0,9,0,0,0,0,7,Not measured,Not measured,1,1,1,1,1,Up,NO,0,0,1,0,0
359060882,44469414,6,1,1,1,1,7,1,1,SP,,410,2,01: 1-2 days,1,4,15,1,0,0,0,8,Not measured,Not measured,2,1,1,1,1,Down,>30,0,1,1,0,0
392585438,184314542,5,3,4,1,1,7,1,1,MC,,537,7,03: 5-7 days,47,6,25,0,0,0,0,9,Not measured,Not measured,2,1,1,1,1,Down,>30,0,1,1,0,0
399596324,80807364,6,1,4,1,1,7,1,1,UN,,458,4,02: 3-4 days,48,0,15,0,0,0,0,9,Not measured,Not measured,3,0,1,1,0,No,NO,0,0,1,0,0
407904908,45511560,4,1,1,1,1,7,1,1,HM,,404,2,01: 1-2 days,10,2,6,0,0,0,0,9,Not measured,Not measured,0,0,0,0,0,No,NO,0,0,1,0,0
425492240,84397842,5,10,1,2,1,1,1,1,HM,,491,9,04: 8-14 days,43,2,22,1,5,5,3+,9,Not measured,Not measured,2,0,1,1,0,No,>30,0,1,1,0,0
426719456,109083960,6,8,9,1,3,7,1,1,MC,,198,8,04: 8-14 days,42,3,19,0,0,0,0,9,Not measured,Not measured,0,0,0,0,0,No,NO,0,0,1,0,0
437843174,88026903,7,1,1,1,3,1,1,1,,Cardiology,410,3,02: 3-4 days,33,3,25,0,0,0,0,9,Not measured,Not measured,2,0,1,1,0,No,NO,0,0,1,0,0
438518972,141529541,6,5,9,1,3,7,1,1,MC,,821,2,01: 1-2 days,1,0,10,0,0,0,0,9,Not measured,Not measured,1,0,0,1,1,Steady,NO,0,0,1,0,0
439103558,42839874,4,9,9,1,1,7,1,1,MD,,295,4,02: 3-4 days,66,1,9,0,0,1,1,9,Not measured,Norm,1,0,0,1,0,No,NO,0,0,1,0,0
